{"count":1,"self":183.0997888,"total":344.03427899999997,"children":{"AgentSendState":{"count":121684,"self":4.298678,"total":10.1090406,"children":{"CollectObservations":{"count":109521,"self":2.2601324,"total":2.2601325,"children":null},"CollectDiscreteActionMasks":{"count":109521,"self":0.4700837,"total":0.4700837,"children":null},"AgentInfo.ToProto":{"count":109521,"self":1.3400073,"total":3.0801463,"children":{"GenerateSensorData":{"count":109521,"self":1.7401389999999999,"total":1.7401389999999999,"children":null}}}}},"DecideAction":{"count":121684,"self":86.699859199999992,"total":86.6998605,"children":null},"AgentAct":{"count":121684,"self":63.730432,"total":64.1235885,"children":{"AgentInfo.ToProto":{"count":9744,"self":0.19504449999999998,"total":0.3931535,"children":{"GenerateSensorData":{"count":9744,"self":0.19810899999999998,"total":0.19810899999999998,"children":null}}}}}},"gauges":{"Zhed.CumulativeReward":{"count":9744,"max":60.960022,"min":-1167.40552,"runningAverage":18.5361462,"value":20.1899967,"weightedAverage":29.6016045}},"metadata":{"timer_format_version":"0.1.0","start_time_seconds":"1590444244","unity_version":"2019.2.19f1","command_line_arguments":"C:\\Program Files\\Unity\\Hub\\Editor\\2019.2.19f1\\Editor\\Unity.exe -projectpath C:\/Users\/win7\/Desktop\/IART\/ZhedUnity -useHub -hubIPC -cloudEnvironment production -hubSessionId 478ea2b0-9e6f-11ea-92ca-0103bde5048b","communication_protocol_version":"1.0.0","com.unity.ml-agents_version":"1.0.2-preview","scene_name":"SampleScene","end_time_seconds":"1590444588"}}