{"count":1,"gauges":{"Zhed.CumulativeReward":{"count":12285,"max":12,"min":-20,"value":12,"weightedAverage":11.8329048}},"self":154.47312639999998,"total":290.4650066,"children":{"AgentSendState":{"count":11059,"self":0.1870396,"total":0.22704839999999998,"children":{"CollectObservations":{"count":9954,"self":0.0400088,"total":0.0400088,"children":null}}},"DecideAction":{"count":11059,"self":0.070992199999999991,"total":0.070992199999999991,"children":null},"AgentAct":{"count":11059,"self":135.69183999999998,"total":135.6918377,"children":null}}}