{"count":1,"gauges":{"Zhed.CumulativeReward":{"count":753,"max":64,"min":37,"value":60,"weightedAverage":47.84873}},"self":43.7023552,"total":74.9959477,"children":{"AgentSendState":{"count":30534,"self":0.3827635,"total":2.3627306,"children":{"CollectObservations":{"count":3054,"self":0.0089979,"total":0.0089979,"children":null},"AgentInfo.ToProto":{"count":3054,"self":0.0499892,"total":1.9709691999999999,"children":{"GenerateSensorData":{"count":3054,"self":1.92098,"total":1.92098,"children":null}}}}},"DecideAction":{"count":30534,"self":19.1644768,"total":19.164476999999998,"children":null},"AgentAct":{"count":30534,"self":9.744372,"total":9.7653853,"children":{"AgentInfo.ToProto":{"count":753,"self":0.0080204,"total":0.0210132,"children":{"GenerateSensorData":{"count":753,"self":0.012992799999999999,"total":0.012992799999999999,"children":null}}}}}}}