{"count":1,"self":12.02136,"total":23.785668899999997,"children":{"AgentSendState":{"count":11067,"self":0.3765657,"total":1.0494522,"children":{"CollectObservations":{"count":9963,"self":0.22973449999999998,"total":0.22973449999999998,"children":null},"CollectDiscreteActionMasks":{"count":9963,"self":0.043180199999999995,"total":0.043180199999999995,"children":null},"AgentInfo.ToProto":{"count":9963,"self":0.13799039999999999,"total":0.3999718,"children":{"GenerateSensorData":{"count":9963,"self":0.2619814,"total":0.2619814,"children":null}}}}},"DecideAction":{"count":11067,"self":9.9069583999999988,"total":9.9069580999999989,"children":null},"AgentAct":{"count":11067,"self":0.8039149,"total":0.80689919999999993,"children":{"AgentInfo.ToProto":{"count":70,"self":0.0010002,"total":0.0029843,"children":{"GenerateSensorData":{"count":70,"self":0.0019841,"total":0.0019841,"children":null}}}}}},"gauges":{"Zhed.CumulativeReward":{"count":70,"max":-24.8574524,"min":-394.156677,"runningAverage":-133.040543,"value":-120.428085,"weightedAverage":-111.705894}},"metadata":{"timer_format_version":"0.1.0","start_time_seconds":"1590429539","unity_version":"2019.2.19f1","command_line_arguments":"C:\\Program Files\\Unity\\Hub\\Editor\\2019.2.19f1\\Editor\\Unity.exe -projectpath C:\/Users\/win7\/Desktop\/IART\/ZhedUnity -useHub -hubIPC -cloudEnvironment production -hubSessionId 478ea2b0-9e6f-11ea-92ca-0103bde5048b","communication_protocol_version":"1.0.0","com.unity.ml-agents_version":"1.0.2-preview","scene_name":"SampleScene","end_time_seconds":"1590429562"}}