{"count":1,"gauges":{"Zhed.CumulativeReward":{"count":1404,"max":1,"min":-20,"value":0,"weightedAverage":-0.181536555}},"self":7.1159664,"total":21.6289014,"children":{"AgentSendState":{"count":1417,"self":0.0615045,"total":0.2021217,"children":{"CollectObservations":{"count":1278,"self":0.009071,"total":0.009071,"children":null},"AgentInfo.ToProto":{"count":1278,"self":0.0215406,"total":0.1315462,"children":{"GenerateSensorData":{"count":1278,"self":0.1100056,"total":0.1100056,"children":null}}}}},"DecideAction":{"count":1417,"self":6.680438,"total":6.6804378999999994,"children":null},"AgentAct":{"count":1417,"self":7.5633496,"total":7.6283718999999994,"children":{"AgentInfo.ToProto":{"count":1404,"self":0.041997799999999995,"total":0.0650221,"children":{"GenerateSensorData":{"count":1404,"self":0.023024299999999998,"total":0.023024299999999998,"children":null}}}}}}}