{"count":1,"self":135.5449344,"total":174.4240434,"children":{"AgentSendState":{"count":8552,"self":0.27286699999999997,"total":18.956487799999998,"children":{"CollectObservations":{"count":7704,"self":18.656625599999998,"total":18.656626199999998,"children":null},"CollectDiscreteActionMasks":{"count":7704,"self":0.026994599999999997,"total":0.026994599999999997,"children":null}}},"DecideAction":{"count":8552,"self":3.3312996,"total":3.3312994999999996,"children":null},"AgentAct":{"count":8552,"self":16.5903232,"total":16.590324,"children":null}},"gauges":{"Zhed.CumulativeReward":{"count":1895,"max":99.1700058,"min":-178.517365,"runningAverage":97.88401,"value":-84.0432053,"weightedAverage":46.2510757}},"metadata":{"timer_format_version":"0.1.0","start_time_seconds":"1590529235","unity_version":"2019.2.19f1","command_line_arguments":"C:\\Program Files\\Unity\\Hub\\Editor\\2019.2.19f1\\Editor\\Unity.exe -projectpath C:\/Users\/win7\/Desktop\/IART\/ZhedUnity -useHub -hubIPC -cloudEnvironment production -hubSessionId c070b710-9f94-11ea-b352-0f53f2d51344","communication_protocol_version":"1.0.0","com.unity.ml-agents_version":"1.0.2-preview","scene_name":"SampleScene","end_time_seconds":"1590529409"}}