Steps,Policy/Entropy,Environment/Episode Length,Win Count,Policy/Extrinsic Value Estimate,Environment/Cumulative Reward,Policy/Extrinsic Reward,Losses/Value Loss,Losses/Policy Loss,Policy/Learning Rate,Is Training
2400,2.212544,2.549579831932773,2.5,-0.089863226,-69.50680272108843,-69.50680272108843,13630.37,0.06947161,0.00029858403,1.0
4800,2.199125,2.6100151745068287,7.115079365079365,-0.3844804,-40.04210526315789,-40.04210526315789,10164.042,0.08130337,0.0002973534,1.0
7200,2.1266942,2.6248108925869893,12.165354330708661,-0.63622075,-19.170953101361572,-19.170953101361572,7269.8203,0.060899142,0.0002961156,1.0
9600,2.008557,2.6017964071856285,17.68235294117647,-0.8316397,1.720059880239521,1.720059880239521,5506.013,0.08090114,0.00029488502,1.0
12000,1.8726516,2.601503759398496,25.61003861003861,-0.86457926,16.4796992481203,16.4796992481203,4872.6196,0.072904296,0.0002936508,1.0
14400,1.7267903,2.5952023988005997,35.227450980392156,-0.85911405,24.486526946107784,24.486526946107784,4338.142,0.07008069,0.00029241902,1.0
